10,fake-valid-nonce
11,fake-valid-nonce
12,fake-valid-nonce
13,fake-valid-nonce
14,fake-valid-nonce
15,fake-valid-nonce
16,fake-valid-nonce
17,fake-valid-nonce
18,fake-valid-nonce
19,fake-valid-nonce
20,fake-valid-nonce
21,fake-valid-nonce
22,fake-valid-nonce
23,fake-valid-nonce
24,fake-valid-nonce
25,fake-valid-nonce
26,fake-valid-nonce
27,fake-valid-nonce
28,fake-valid-nonce
29,fake-valid-nonce
30,fake-valid-nonce
31,fake-valid-nonce
32,fake-valid-nonce
33,fake-valid-nonce
34,fake-valid-nonce
35,fake-valid-nonce
36,fake-valid-nonce
37,fake-valid-nonce
38,fake-valid-nonce
39,fake-valid-nonce
40,fake-valid-nonce
41,fake-valid-nonce
42,fake-valid-nonce
43,fake-valid-nonce
44,fake-valid-nonce
45,fake-valid-nonce
46,fake-valid-nonce
47,fake-valid-nonce
48,fake-valid-nonce
49,fake-valid-nonce
